{"cameraMode":{"drawMode":0,"name":"Shaded","section":"Shading Mode"},"sceneLighting":true,"audioPlay":false,"sceneViewState":{"m_AlwaysRefresh":false,"showFog":true,"showSkybox":true,"showFlares":true,"showImageEffects":true,"showParticleSystems":true,"showVisualEffectGraphs":true,"m_FxEnabled":true},"in2DMode":false,"pivot":{"x":96.56813049316406,"y":-219.10269165039063,"z":190.96002197265626},"rotation":{"x":-0.36124858260154726,"y":-0.2480849027633667,"z":0.10033130645751953,"w":-0.8932544589042664},"size":200.61920166015626,"orthographic":false}