{"cameraMode":{"drawMode":0,"name":"Shaded","section":"Shading Mode"},"sceneLighting":true,"audioPlay":false,"sceneViewState":{"m_AlwaysRefresh":false,"showFog":true,"showSkybox":true,"showFlares":true,"showImageEffects":true,"showParticleSystems":true,"showVisualEffectGraphs":true,"m_FxEnabled":true},"in2DMode":false,"pivot":{"x":-9.20513916015625,"y":202.01260375976563,"z":-28.867141723632814},"rotation":{"x":0.05363462120294571,"y":0.03354138135910034,"z":0.0018023394513875247,"w":-0.998004138469696},"size":0.8660253882408142,"orthographic":false}